,Expected open: ,Expected open std: ,Expected close: ,Expected close std: ,Expected correlation: 
0,1723.5893173497989,506.60925296784956,1722.5494697194363,506.19149108357595,0.9973280958710906
