,Expected open: ,Expected open std: ,Expected close: ,Expected close std: ,Expected correlation: 
0,1722.9745280762372,506.24467629473185,1721.9392201482956,505.8318456473171,0.9973238778050599
