,Expected return,Expected next return,Expected correlation
0,-0.0005834971362248731,-0.0006006519507539204,0.015507416990766555
