,Expected return,Expected next return,Expected correlation
0,-0.0005772451053078732,-0.0006020235733488108,0.015494015298016335
