,Expected return,Expected next return,Expected correlation
0,-0.000578033970535043,-0.0005942446577219717,0.015112183000458697
