,Expected return,Expected next return,Expected correlation
0,-0.0005812805856174766,-0.0005928612939109455,0.015178722402437377
