,Expected return,Expected next return,Expected correlation
0,-0.0005664897414823842,-0.000572363143069656,-0.00731346703215077
