,Expected return,Expected next return,Expected correlation
0,-0.0005691770301438542,-0.0005699296330049663,0.0073475152226947435
