,Expected return,Expected next return,Expected correlation
0,-0.0005724470440236506,-0.0005713408550434897,0.007373748512610524
