,Expected return,Expected next return,Expected correlation
0,-0.0005719175620324595,-0.0005569389404986693,0.007882776577396415
