,Expected return,Expected next return,Expected correlation
0,-0.0005708738277110912,-0.0005583691187147897,0.007852750813027394
