,Expected return,Expected next return,Expected correlation
0,-0.000576637902063555,-0.0005855185415021093,-0.0061513353219208354
