,Expected return,Expected next return,Expected correlation
0,-0.0005743107298434792,-0.0005841048910273923,-0.006142186420361586
