,Expected return,Expected next return,Expected correlation
0,-0.0005769789378823423,-0.00057939737922237,0.0033466058771430625
