,Expected return,Expected next return,Expected correlation
0,-0.0005774373512758908,-0.0005780108776772675,0.00333658590387966
