,Day,Expected return,Expected next return,Expected correlation
0,1,-0.000567221,-0.000573751,-0.007354107
1,5,-0.000576979,-0.000579397,0.003346606
2,10,-0.000577245,-0.000602024,0.015494015
3,15,-0.000578034,-0.000594245,0.015112183
4,20,-0.000572447,-0.000571341,0.007373749
5,25,-0.000570874,-0.000558369,0.007852751
6,30,-0.000576638,-0.000585519,-0.006151335
