,Day,Expected return,Expected next return,Expected correlation
0,1,-0.00056649,-0.000572363,-0.007313467
1,5,-0.000577437,-0.000578011,0.003336586
2,10,-0.000583497,-0.000600652,0.015507417
3,15,-0.000581281,-0.000592861,0.015178722
4,20,-0.000569177,-0.00056993,0.007347515
5,25,-0.000571918,-0.000556939,0.007882777
6,30,-0.000574311,-0.000584105,-0.006142186
