,Expected return,Expected next return,Expected correlation
0,-0.0005672212796069355,-0.0005737508158859292,-0.007354107103087038
